assigned_technology,loss_count,total_count,loss_percentage
BBPLC,395,205344,0.19236013713573322
Cellular,105,199392,0.05266008666345691
LoRa,287,199392,0.14393757021344888
NBPLC,202,199392,0.10130797624779328
Sigfox,1923,199392,0.9644318728935966
